{"cameraMode":{"drawMode":0,"name":"Shaded","section":"Shading Mode"},"sceneLighting":true,"audioPlay":false,"sceneViewState":{"showFog":true,"showMaterialUpdate":false,"showSkybox":true,"showFlares":true,"showImageEffects":true,"showParticleSystems":true},"in2DMode":false,"pivot":{"x":2.2069225311279299,"y":13.743133544921875,"z":-16.900569915771486},"rotation":{"x":0.026171907782554628,"y":0.936046302318573,"z":-0.061463166028261188,"w":0.34841975569725039},"size":8.77462100982666,"orthographic":false}