{"cameraMode":{"drawMode":0,"name":"Shaded","section":"Shading Mode"},"sceneLighting":true,"audioPlay":false,"sceneViewState":{"showFog":true,"showMaterialUpdate":false,"showSkybox":true,"showFlares":true,"showImageEffects":true,"showParticleSystems":true},"in2DMode":false,"pivot":{"x":24.286392211914064,"y":15.766887664794922,"z":-26.218799591064454},"rotation":{"x":-0.11389292031526566,"y":-0.05420302227139473,"z":0.006252607796341181,"w":-0.992023766040802},"size":2.085937261581421,"orthographic":false}