{"cameraMode":{"drawMode":0,"name":"Shaded","section":"Shading Mode"},"sceneLighting":true,"audioPlay":false,"sceneViewState":{"showFog":true,"showMaterialUpdate":false,"showSkybox":true,"showFlares":true,"showImageEffects":true,"showParticleSystems":true},"in2DMode":false,"pivot":{"x":-14.364103317260743,"y":14.55621337890625,"z":-9.565000534057618},"rotation":{"x":0.016826646402478219,"y":-0.02289056032896042,"z":-0.00026397439069114625,"w":0.9998792409896851},"size":0.29815831780433657,"orthographic":false}