{"cameraMode":{"drawMode":0,"name":"Shaded","section":"Shading Mode"},"sceneLighting":false,"audioPlay":false,"sceneViewState":{"showFog":true,"showMaterialUpdate":false,"showSkybox":false,"showFlares":true,"showImageEffects":true,"showParticleSystems":true},"in2DMode":false,"pivot":{"x":-0.3041658401489258,"y":1.379660964012146,"z":0.33718347549438479},"rotation":{"x":-0.028239959850907327,"y":0.33019155263900759,"z":0.00919023621827364,"w":0.9436671733856201},"size":4.133065700531006,"orthographic":false}