{"cameraMode":{"drawMode":0,"name":"Shaded","section":"Shading Mode"},"sceneLighting":true,"audioPlay":false,"sceneViewState":{"showFog":true,"showMaterialUpdate":false,"showSkybox":true,"showFlares":true,"showImageEffects":true,"showParticleSystems":true},"in2DMode":false,"pivot":{"x":-6.590147495269775,"y":14.923500061035157,"z":-3.5190858840942385},"rotation":{"x":-0.09353246539831162,"y":-0.14721693098545075,"z":0.014765612781047821,"w":-0.9847601652145386},"size":1.314827799797058,"orthographic":false}