{"cameraMode":{"drawMode":0,"name":"Shaded","section":"Shading Mode"},"sceneLighting":true,"audioPlay":false,"sceneViewState":{"showFog":true,"showMaterialUpdate":false,"showSkybox":true,"showFlares":true,"showImageEffects":true,"showParticleSystems":true},"in2DMode":false,"pivot":{"x":-14.878921508789063,"y":57.02951431274414,"z":-41.265472412109378},"rotation":{"x":0.08684759587049484,"y":0.7584972977638245,"z":-0.639880895614624,"w":0.09766881912946701},"size":8.77462100982666,"orthographic":false}