{"cameraMode":{"drawMode":0,"name":"Shaded","section":"Shading Mode"},"sceneLighting":true,"audioPlay":false,"sceneViewState":{"showFog":true,"showMaterialUpdate":false,"showSkybox":true,"showFlares":true,"showImageEffects":true,"showParticleSystems":true},"in2DMode":false,"pivot":{"x":-7.927419185638428,"y":14.607531547546387,"z":0.34052973985671999},"rotation":{"x":-0.06309931725263596,"y":-0.38244086503982546,"z":-0.02705744467675686,"w":0.9217101335525513},"size":0.3073950409889221,"orthographic":false}