{"cameraMode":{"drawMode":0,"name":"Shaded","section":"Shading Mode"},"sceneLighting":true,"audioPlay":false,"sceneViewState":{"showFog":true,"showMaterialUpdate":false,"showSkybox":false,"showFlares":true,"showImageEffects":true,"showParticleSystems":true},"in2DMode":false,"pivot":{"x":1.9222164154052735,"y":16.42003059387207,"z":-16.6951904296875},"rotation":{"x":-0.08759547770023346,"y":0.6595633029937744,"z":0.07673626393079758,"w":0.7429001331329346},"size":0.20050007104873658,"orthographic":false}