{"cameraMode":{"drawMode":0,"name":"Shaded","section":"Shading Mode"},"sceneLighting":true,"audioPlay":false,"sceneViewState":{"showFog":true,"showMaterialUpdate":false,"showSkybox":true,"showFlares":true,"showImageEffects":true,"showParticleSystems":true},"in2DMode":false,"pivot":{"x":2.152902603149414,"y":6.219803810119629,"z":-12.843870162963868},"rotation":{"x":0.12951113283634187,"y":0.8628522157669067,"z":-0.2635418772697449,"w":0.4138842821121216},"size":8.77462100982666,"orthographic":false}